"Asia:China:Hubei:Wuhan"
"North America:USA:Wisconsin:Madison"
"Asia:Nepal:Kathmandu:-"
"North America:USA:Washington:Seattle"
"North America:USA:Washington:-"
"North America:USA:Washington:-"
"North America:USA:-:-"
"Oceania:Australia:Victoria:Melbourne"
"Asia:China:Hubei:-"
"North America:USA:Washington:-"
"Oceania:Australia:Victoria:-"
"Oceania:Australia:Northern Territory:-"
"South America:Peru:Lima:-"
"Asia:Cambodia:Sihanoukville:-"
"Asia:Malaysia:Kuala Lumpur:-"
"Europe:Germany:-:-"
"Africa:South Africa:KwaZulu-Natal:-"
"Asia:Malaysia:-:-"
"Asia:India:Gujarat:Rajkot"
"North America:USA:Virginia:-"
"Asia:Israel:-:-"
"Europe:Germany:Dusseldorf:-"
"Europe:Germany:North Rhine Westphalia:Heinsberg District"
"Asia:China:Shanghai:-"
"Europe:Netherlands:Leiden:-"
"Africa:Egypt:-:-"
"North America:USA:California:Los Angeles"
"North America:USA:Minnesota:-"
"North America:USA:Montana:Hamilton"
"Asia:Bangladesh:-:-"
"North America:USA:Georgia:-"
"Oceania:Australia:New South Wales:-"
"North America:USA:Virginia:-"
"North America:USA:California:-"
"Europe:Portugal:-:-"
"North America:USA:California:San Diego County"
"Europe:United Kingdom:Scotland:-"
"Europe:United Kingdom:Wales:-"
"Europe:United Kingdom:England:-"
"Europe:Spain:Comunitat Valenciana:Valencia"
"Asia:China:-:-"
"North America:USA:Wisconsin:Madison"
"Asia:Hong Kong:-:-"
"Oceania:Australia:Victoria:-"
"Asia:China:Hubei:Wuhan"
"South America:Brazil:Bahia:Feira de Santana"
"North America:USA:Wisconsin:-"
"Oceania:Australia:Victoria:Melbourne"
"North America:USA:Wisconsin:-"
"North America:USA:-:-"
"Asia:Malaysia:Kuala Lumpur:-"
"North America:USA:Washington:-"
"North America:USA:Connecticut:-"
"Asia:Malaysia:-:-"
"North America:USA:Wisconsin:Racine"
"North America:USA:Wisconsin:Milwaukee"
"North America:USA:Wisconsin:Port Washington"
"North America:USA:Wisconsin:Thiensville"
"North America:USA:Wisconsin:Grafton"
"North America:USA:Wisconsin:Mequon"
"North America:USA:Wisconsin:Whitefish Bay"
"North America:USA:Wisconsin:Pewaukee"
"North America:USA:Wisconsin:Cudahy"
"North America:USA:Wisconsin:Glendale"
"North America:USA:Wisconsin:Greenfield"
"North America:USA:Wisconsin:South Milwaukee"
"North America:USA:Wisconsin:Elm Grove"
"North America:USA:Wisconsin:Franklin"
"North America:USA:Wisconsin:Brookfield"
"North America:USA:Wisconsin:Campbellsport"
"North America:USA:Wisconsin:Greenfield"
"North America:USA:Wisconsin:Oak Creek"
"North America:USA:Wisconsin:Jackson"
"North America:USA:Wisconsin:Wauwatosa"
"North America:USA:Wisconsin:New Berlin"
"North America:USA:New York:-"
"Europe:Germany:North Rhine Westphalia:Heinsberg District"
"Europe:Germany:North Rhine Westphalia:Dusseldorf"
"North America:USA:California:-"
"North America:USA:Illinois:-"
"North America:USA:Texas:-"
"North America:USA:Arizona:-"
"North America:USA:Massachusetts:-"
"North America:USA:Iowa:-"
"North America:USA:Virginia:-"
"North America:USA:South Carolina:-"
"North America:USA:New Jersey:-"
"Asia:India:Gujarat:Gandhinagar"
"Asia:India:Gujarat:Mansa"
"Asia:India:Gujarat:Ahmedabad"
"North America:USA:Wisconsin:River Hills"
"North America:USA:Wisconsin:Greater Milwaukee Area"
"North America:USA:Wisconsin:Brown Deer"
"North America:USA:Wisconsin:Bayside"
"North America:USA:Wisconsin:Hartford"
"North America:USA:Wisconsin:Slinger"
"North America:USA:Wisconsin:Saukville"
"Asia:India:Gujarat:Surat"
"Asia:India:Gujarat:Ahmedabad"
"Asia:India:Gujarat:Dhansura"
"Asia:India:Gujarat:Modasa"
"Asia:India:Gujarat:Prantij"
"South America:Colombia:-:-"
"Asia:India:Gujarat:Gandhinagar"
"Asia:India:Gujarat:Himatnagar"
"Asia:India:Gujarat:Mansa"
"Asia:India:Gujarat:Dahegam"
"North America:USA:California:San Diego County"
"Europe:Denmark:-:-"
"Europe:Denmark:-:-"
"Europe:United Kingdom:England:-"
"Europe:United Kingdom:Scotland:-"
"Europe:Netherlands:South Holland:Delft"
"Europe:Netherlands:North Brabant:Nieuwendijk"
"Europe:Netherlands:North Holland:Diemen"
"Europe:Netherlands:North Brabant:Oss"
"Europe:Netherlands:Utrecht:Houten"
"Europe:Netherlands:North Brabant:Helmond"
"Europe:Netherlands:Utrecht:-"
"Europe:Netherlands:North Brabant:Loon op zand"
"Europe:Netherlands:North Brabant:Tilburg"
"Europe:Netherlands:Drenthe:Coevorden"
"Europe:Netherlands:South Holland:Rotterdam"
"Europe:Netherlands:North Brabant:Eindhoven"
"Europe:Netherlands:North Holland:Haarlem"
"Europe:Netherlands:Drenthe:Dalen"
"Europe:Netherlands:North Brabant:Andel"
"Europe:Netherlands:North Brabant:Berlicum"
"Europe:Netherlands:South Holland:Hardinxveld Giessendam"
"Europe:Netherlands:North Brabant:Oisterwijk"
"Europe:Netherlands:North Brabant:Blaricum"
"Europe:Netherlands:North Holland:Naarden"
"Europe:Netherlands:Flevoland:Zeewolde"
"Europe:Netherlands:South Holland:Nootdorp"
"Europe:Netherlands:North Brabant:-"
"Europe:Netherlands:Limburg:-"
"Europe:Netherlands:Overijssel:-"
"Europe:Netherlands:South Holland:-"
"Europe:Netherlands:Gelderland:-"
"Europe:Netherlands:North Holland:-"
"Europe:Netherlands:Flevoland:-"
"Europe:Netherlands:-:-"
"Europe:United Kingdom:Wales:-"
"Europe:Denmark:-:-"
"Asia:Japan:-:-"
"Asia:Japan:Kochi:-"
"Asia:Japan:Chiba:-"
"Asia:Japan:Ishikawa:-"
"Asia:Japan:Saitama:-"
"Asia:China:Hubei:Wuhan"
"Asia:China:-:-"
"North America:USA:-:-"
"North America:USA:Illinois:-"
"North America:USA:California:-"
"Asia:China:Hubei:Wuhan"
"North America:USA:Arizona:-"
"Oceania:Australia:Victoria:-"
"Asia:India:Kerala:-"
"Asia:China:Hubei:Wuhan"
"North America:USA:Washington:-"
"North America:USA:Wisconsin:-"
"North America:USA:Massachusetts:-"
"Asia:South Korea:South Korea:-"
"North America:USA:Illinois:-"
"Asia:China:Yunnan:-"
"Europe:Italy:-:-"
"Asia:Taiwan:-:-"
"Asia:Nepal:-:-"
"Europe:Sweden:-:-"
"North America:USA:Texas:-"
"Asia:Hong Kong:-:-"
"Asia:China:Shanghai:-"
"Asia:China:Guangdong:Guangzhou"
"South America:Brazil:-:-"
"Asia:China:Beijing:-"
"North America:USA:Washington:Snohomish County"
"North America:USA:Minnesota:-"
"North America:USA:California:San Diego County"
"Asia:Vietnam:Ho Chi Minh City:-"
"Europe:Spain:Comunitat Valenciana:Valencia"
"Asia:Pakistan:Gilgit Baltistan:Gilgit"
"North America:USA:Connecticut:-"
"Asia:China:Zhejiang:Hangzhou"
"South America:Colombia:Antioquia:-"
"North America:USA:California:San Francisco"
"South America:Peru:-:-"
"Europe:Germany:Bavaria:-"
"North America:USA:Rhode Island:-"
"North America:USA:Georgia:-"
"North America:USA:Oregon:-"
"North America:USA:Florida:-"
"Asia:Israel:-:"
"Asia:China:Anhui:Fuyang"
"Europe:Spain:-:-"
"North America:USA:North Carolina:-"
"North America:USA:New Hampshire:-"
"North America:USA:New York:-"
"North America:USA:Michigan:-"
"North America:USA:North Carolina:-"
"Europe:France:-:-"
"North America:USA:Virginia:-"
"Africa:South Africa:KwaZulu-Natal:-"
"North America:USA:Washington DC:-"
"North America:USA:Iowa:-"
"North America:USA:Indiana:-"
"North America:USA:Kansas:-"
"North America:USA:Louisiana:-"
"North America:USA:Maryland:-"
"North America:USA:Missouri:-"
"North America:USA:Nebraska:-"
"North America:USA:New Jersey:-"
"North America:USA:Nevada:-"
"North America:USA:Ohio:-"
"North America:USA:Pennsylvania:-"
"North America:USA:South Carolina:-"
"North America:USA:Utah:-"
"Europe:Turkey:-:-"
"Europe:Greece:-:-"
"North America:USA:Arizona:Maricopa County"
"North America:USA:Hawaii:-"
"North America:USA:Idaho:-"
"North America:USA:Louisiana:New Orleans"
"Asia:India:Gujarat:Rajkot"
"Europe:Germany:-:-"
"Europe:Germany:Dusseldorf:-"
"Asia:India:-:-"
"Europe:Netherlands:Milheeze:-"
"North America:USA:Michigan:-"
"North America:USA:Puerto Rico:-"
"Asia:Kazakhstan:-:-"
"North America:USA:Wisconsin:-"
"North America:USA:Louisiana:East Feliciana Parish"
"Asia:India:Gujarat:Ahmedabad"
"Asia:India:Gujarat:Gandhinagar"
"Asia:India:Gujarat:Mansa"
"Asia:China:Guangdong:Guangzhou"
"North America:USA:Louisiana:Maringouin"
"North America:USA:Louisiana:Kenner"
"North America:USA:Louisiana:Killona"
"North America:USA:Louisiana:Sant Rose"
"North America:USA:Louisiana:Lockport"
"North America:USA:Louisiana:New Orleans"
"North America:USA:Louisiana:Luling"
"North America:USA:Louisiana:Raceland"
"North America:USA:Louisiana:Gheens"
"North America:USA:Louisiana:Thibodaux"
"North America:USA:Louisiana:Slidell"
"North America:USA:Louisiana:Lacombe"
"North America:USA:Louisiana:Houma"
"North America:USA:Louisiana:Slidell"
"Asia:Thailand:-:-"
"Asia:Iran:-:-"
"Europe:Serbia:-:-"
"Asia:India:Gujarat:Surat"
"Europe:Netherlands:-:-"
"Asia:India:Telangana:Hyderabad"
"Europe:Greece:Athens:-"
"Europe:Serbia:Novi Pazar:-"
"Oceania:Guam:-:-"
"South America:Uruguay:-:-"
"North America:USA:Alaska:-"
"Asia:India:Gujarat:Prantij"
"Asia:India:Gujarat:Modasa"
"Asia:India:Gujarat:Dhansura"
"South America:Colombia:-:-"
"North America:USA:Vermont:-"
"North America:USA:Puerto Rico:-"
"Asia:Bangladesh:-:-"
"Asia:India:Gujarat:Himatnagar"
"Asia:India:Gujarat:Dahegam"
"Europe:Poland:-:-"
"Asia:Pakistan:Karachi:-"
"Africa:Algeria:Boufarik:-"
"South America:Argentina:Ciudad Autonoma de Buenos Aires:-"
"Oceania:Australia:New South Wales:Sydney"
"Oceania:Australia:Victoria:-"
"Europe:United Kingdom:England:-"
"South America:Argentina:Buenos Aires:-"
"South America:Argentina:Buenos Aires:Quilmes"
"Europe:United Kingdom:England:South Yorkshire"
"Europe:United Kingdom:England:Northamtonshire"
"Europe:United Kingdom:England:London"
"Europe:United Kingdom:England:Nottinghamshire"
"Europe:United Kingdom:England:Derbyshire"
"Europe:United Kingdom:England:Yorkshire"
"Europe:Estonia:Estonia:-"
"Europe:Finland:-:-"
"Europe:Finland:Helsinki:-"
"Europe:Finland:Finland:Rovaniemi"
"Asia:China:Guangdong:Foshan"
"Europe:France:-:-"
"Europe:France:Auvergne-Rhone-Alpes:Privas"
"Europe:France:Auvergne-Rhone-Alpes:Macon"
"Europe:France:Auvergne-Rhone-Alpes:Valence"
"Europe:France:Auvergne-Rhone-Alpes:Venissieux"
"Europe:France:Auvergne-Rhone-Alpes:Lyon"
"Europe:France:Auvergne-Rhone-Alpes:Bourg-en-Bresse"
"Europe:France:Auvergne-Rhone-Alpes:Saint-Priest"
"Europe:France:Auvergne-Rhone-Alpes:Vienne"
"Europe:France:Bretagne:Brest"
"Europe:France:Bretagne:Rennes"
"Europe:France:Bretagne:Ploudalmezeau"
"Europe:France:Bourgogne-Franche-Comte:Montreux-Chateau"
"Europe:France:Bourgogne-Franche-Comte:Thise"
"Europe:France:Bourgogne:Dijon"
"Europe:France:Bourgogne-Franche-Comte:Chalon sur Saone"
"Europe:France:Auvergne-Rhone-Alpes:-"
"Europe:France:Ile de France:-"
"Europe:France:Hauts de France:-"
"Europe:France:Centre-Val de Loire:Tours"
"Europe:France:Centre-Val de Loire:Abondant"
"Europe:France:Grand Est:Strasbourg"
"Europe:France:Grand Est:Reims"
"Europe:France:Grand Est:Woippy"
"Europe:France:Grand Est:Spicheren"
"Europe:France:Grand Est:Gondrecourt-le-chateau"
"Europe:France:Grand Est:Ham sous Varsberg"
"Europe:France:Grand Est:Nancy"
"Europe:France:Hauts de France:Compiegne"
"Europe:France:Hauts de France:Crepy en Valois"
"Europe:France:Hauts de France:Chateau-Thierry"
"Europe:France:Hauts de France:Crouy en Thelle"
"Europe:France:Hauts de France:Chateau-thierry"
"Europe:France:Hauts de France:Nogent-l'Artaud"
"Europe:France:Ile de France:Paris"
"Europe:France:Ile de France:Pontoise"
"Europe:France:Ile de France:Garches"
"Europe:France:Ile de France:Longjumeau"
"Europe:France:Ile de France:Levallois-Perret"
"Europe:France:Ile de France:Saint Germain en Laye"
"Europe:France:Ile de France:Meudon la Foret"
"Europe:France:Ile de France:Vanves"
"Europe:France:Ile de France:Orsay"
"Europe:France:Ile de France:Gennevilliers"
"Europe:France:Ile de France:Saint-Thibault-des-Vignes"
"Europe:France:Ile de France:Asnieres-sur-Seine"
"Europe:France:Ile de France:Noisy le Roi"
"Europe:France:Ile de France:Le Pecq"
"Europe:France:Ile de France:Juvisy-sur-Orge"
"Europe:France:Ile de France:Seine-Port"
"Europe:France:Ile de France:Guyancourt"
"Europe:France:Ile de France:Cergy"
"Europe:France:Ile de France:Moussy Le Neuf"
"Europe:France:Ile de France:Montigny le Bretonneux"
"Europe:France:Hauts de France:Pontoise"
"Europe:France:Ile de France:Colombes"
"Europe:France:Toulouse:-"
"Europe:France:Normandie:Rouen"
"Europe:France:Normandie:Carentan"
"Europe:France:Occitanie:-"
"Europe:France:Pays de la Loire:Nantes"
"Europe:France:Auvergne-Rhone-Alpes:Contamines"
"Asia:China:Fujian:-"
"Asia:China:Anhui:Fuyang"
"Africa:Gambia:West Coast Region:-"
"Asia:China:Jiangxi:Ganzhou"
"Asia:Georgia:Tbilisi:-"
"Europe:Germany:Bavaria:Munich"
"Europe:Germany:Baden-Wuerttemberg:-"
"Europe:Germany:Bavaria:-"
"Europe:Germany:Bavaria:Starnberg"
"Europe:Germany:-:-"
"Europe:Germany:Frankfurt:-"
"Europe:Germany:North Rhine Westphalia:Dusseldorf"
"Europe:Germany:North Rhine Westphalia:Heinsberg District"
"Europe:Germany:Dusseldorf:-"
"Africa:Ghana:Greater Accra:-"
"Africa:Ghana:Greater Accra:Accra"
"Europe:Greece:Athens:-"
"Oceania:Guam:-:-"
"Asia:China:Guangdong:-"
"Asia:China:Guangdong:Shenzhen"
"Asia:China:Guangdong:Zhuhai"
"Asia:China:Guangdong:Huizhou"
"Asia:China:Guangdong:Shanwei"
"Asia:China:Guangdong:Guangzhou"
"Asia:China:Guangdong:Zhanjiang"
"Asia:China:Guangdong:Shaoguan"
"Asia:China:Guangdong:Yangjiang"
"Asia:China:Guangdong:Dongguan"
"Asia:China:Guangdong:Zhongshan"
"Asia:China:Guangdong:Shantou"
"Asia:China:Zhejiang:Hangzhou"
"Asia:China:Anhui:Hefei"
"Asia:China:Henan:-"
"Asia:China:Henan:Zhengzhou"
"Asia:Hong Kong:-:-"
"Asia:Hong Kong:-:-"
"Europe:Hungary:Central Hungary:Budapest"
"Europe:Hungary:Balatonfured:-"
"Europe:Hungary:Balassagyarmat:-"
"Europe:Hungary:Baranya:-"
"Europe:Hungary:Kecskemet:-"
"Europe:Hungary:Oroshaza:-"
"Europe:Hungary:Bekesszentandras:-"
"Europe:Hungary:Szeged:-"
"Europe:Iceland:Reykjavik:-"
"Oceania:Australia:-:-"
"Oceania:Australia:Western Australia:Perth"
"Europe:Austria:Austria:-"
"Europe:Austria:Vienna:-"
"Europe:Austria:Tyrol:Ischgl"
"Asia:India:Kerala:-"
"Asia:India:-:-"
"Asia:India:Tamil Nadu:-"
"Asia:India:Telangana:-"
"Asia:India:Maharashtra:-"
"Asia:India:Gujarat:Kodinar"
"Asia:India:Gujarat:Rajkot"
"Asia:India:Gujarat:Jamnagar"
"Europe:Austria:Tyrol:Innsbruck"
"Asia:India:Gujarat:Dahod"
"Asia:India:Gujarat:Surat"
"Asia:India:Gujarat:Vadodara"
"Asia:India:Gujarat:Ahmedabad"
"Asia:India:Gujarat:-"
"Europe:Austria:Tyrol:Matrei am Brenner"
"Asia:India:Gujarat:Prantij"
"Europe:Austria:Tyrol:Strass im Zillertal"
"Asia:India:Gujarat:Modasa"
"Asia:India:Gujarat:Dhansura"
"Asia:India:Gujarat:Gandhinagar"
"Europe:Austria:Tyrol:Elbigenalp"
"Asia:India:Gujarat:Himatnagar"
"Asia:India:Gujarat:Dahegam"
"Europe:Austria:Tyrol:Aldrans"
"Asia:India:Gujarat:Mansa"
"Asia:India:Gujarat:Junagadh"
"Asia:India:Gujarat:Botad"
"Asia:India:Gujarat:Una"
"Asia:India:Telangana:Hyderabad"
"Asia:India:Uttar Pradesh:Noida"
"Asia:India:Delhi:-"
"Asia:India:Ladakh:-"
"Asia:India:Punjab:-"
"Europe:Austria:Tyrol:Ramsau im Zillertal"
"Asia:India:West Bengal:-"
"Asia:India:Bihar:-"
"Europe:Austria:Tyrol:Steinach am Brenner"
"Asia:India:Mumbai:-"
"Asia:India:Uttar Pradesh:-"
"Europe:Austria:Tyrol:Zams"
"Asia:India:Andhra Pradesh:-"
"Asia:India:Jammu:-"
"Asia:India:Haryana:-"
"Asia:India:Odisha:-"
"Asia:India:Kargil:-"
"Asia:India:Rajsathan:-"
"Asia:India:Assam:-"
"Europe:Austria:Tyrol:Seefeld in Tirol"
"Asia:India:Madhya Pradesh:-"
"Asia:India:Karnataka:-"
"Asia:India:Madhya Pradesh:Mandsaur"
"Asia:India:Madhya Pradesh:Neemach"
"Asia:India:Madhya Pradesh:Burhanpur"
"Asia:India:Madhya Pradesh:Ujjain"
"Europe:Austria:Salzburg:Bad Gastein"
"Europe:Austria:Tyrol:Kematen in Tirol"
"Asia:India:West Bengal:Kolkata"
"Asia:India:West Bengal:East Medinipur"
"Asia:India:West Bengal:South 24 Parganas"
"Asia:India:West Bengal:Darjeeling"
"Asia:India:West Bengal:Tehatta"
"Asia:India:West Bengal:Howrah"
"Europe:Austria:Tyrol:Laengenfeld"
"Europe:Austria:Tyrol:St. Anton"
"Asia:Indonesia:Surabaya:-"
"Asia:Indonesia:Jakarta:-"
"Asia:Iran:-:-"
"Asia:Iran:Semnan:-"
"Asia:Iran:Tehran:-"
"South America:Argentina:Buenos Aires:Bahia Blanca"
"Europe:Ireland:Ireland:-"
"Europe:Ireland:Tipperary:-"
"Europe:Ireland:Dublin:-"
"Europe:Ireland:Louth:-"
"Europe:Ireland:Wicklow:-"
"Europe:Austria:Tyrol:Sistrans"
"Europe:Ireland:Cork:-"
"Europe:Ireland:Limerick:-"
"Asia:Israel:Tel Aviv District:-"
"Asia:Israel:North District:-"
"Asia:Israel:Jerusalem District:-"
"Asia:Israel:South Coast District:-"
"Asia:Israel:South District:-"
"Asia:Israel:-:"
"Asia:Israel:Ramat Gan:-"
"Europe:Italy:Abruzzo:-"
"Europe:Italy:Lombardy:-"
"Europe:Italy:Friuli Venezia Giulia:-"
"Europe:Italy:Lazio:-"
"Europe:Italy:Lazio:Rome"
"Europe:Italy:Apulia:-"
"Europe:Italy:-:-"
"Europe:Italy:Abruzzo:Teramo"
"Europe:Italy:Castel di Sangro:-"
"Europe:Italy:Abruzzo:L'Aquila"
"Europe:Austria:Italian cruise ship:-"
"Europe:Italy:Lombardy:Milan"
"Europe:Italy:Marche:-"
"Europe:Italy:Veneto:Verona"
"North America:Jamaica:Jamaica:-"
"Asia:Japan:Aichi:-"
"Asia:Japan:-:-"
"Asia:Japan:Kanto:-"
"Asia:Japan:Kanagawa:-"
"Asia:Japan:Kyoto:-"
"Asia:Japan:Nara:-"
"Asia:Japan:Osaka:-"
"Asia:Japan:Kochi:-"
"Asia:Japan:Chiba:-"
"Asia:Japan:Ishikawa:-"
"Asia:Japan:Saitama:-"
"Asia:Japan:Tokyo:-"
"Asia:Japan:Tokyo:-"
"Asia:China:Jiangsu:Huaian"
"Asia:China:Jiangsu:-"
"Asia:China:Jiangxi:Pingxiang"
"Asia:China:Jiangxi:Jian"
"Asia:China:Hubei:Jingzhou"
"Asia:China:Jiangxi:Jiujiang"
"Asia:Jordan:Amman:-"
"Asia:Jordan:Irbid:-"
"Asia:Kazakhstan:Nur-Sultan:-"
"Europe:Austria:Tyrol:-"
"Asia:South Korea:-:-"
"Asia:Kuwait:Kuwait:Dasman"
"Asia:Kuwait:Kuwait:Hawali"
"Europe:Latvia:-:-"
"Europe:Latvia:Riga:-"
"Asia:Lebanon:Beirut:-"
"Europe:Austria:Styria:-"
"Asia:China:Zhejiang:Lishui"
"Europe:Lithuania:Vilnius:-"
"Europe:Lithuania:Lithuania:-"
"Europe:Luxembourg:-:-"
"Europe:Luxembourg:-:-"
"Asia:Malaysia:Kuala Lumpur:-"
"Asia:Malaysia:-:-"
"Asia:Malaysia:Selangor:-"
"Asia:China:Meizhou:-"
"North America:Mexico:Mexico City:-"
"North America:Mexico:Mexico:-"
"North America:Mexico:Chiapas:-"
"North America:Mexico:Chihuahua:-"
"North America:Mexico:Estado de Mexico:-"
"North America:Mexico:Puebla:-"
"North America:Mexico:Queretaro:-"
"Europe:Spain:Andalusia:Cadiz"
"Asia:Myanmar:Myanmar:-"
"Asia:China:Jiangxi:-"
"Asia:China:Jiangxi:Nanchang"
"Asia:Nepal:Kathmandu:-"
"Europe:Netherlands:North Brabant:Andel"
"Europe:Netherlands:North Brabant:Berlicum"
"Europe:Netherlands:North Brabant:Blaricum"
"Europe:Netherlands:Drenthe:Coevorden"
"Europe:Netherlands:Drenthe:Dalen"
"Europe:Netherlands:South Holland:Delft"
"Europe:Netherlands:North Holland:Diemen"
"Europe:Netherlands:Drenthe:-"
"Europe:Netherlands:North Brabant:Eindhoven"
"Europe:Netherlands:Flevoland:-"
"Europe:Netherlands:Friesland:-"
"Europe:Netherlands:Gelderland:-"
"Europe:Netherlands:North Holland:Haarlem"
"Europe:Netherlands:South Holland:Hardinxveld Giessendam"
"Europe:Netherlands:North Brabant:Helmond"
"Europe:Netherlands:Utrecht:Houten"
"Europe:Netherlands:Leiden:-"
"Europe:Netherlands:Limburg:-"
"Europe:Netherlands:North Brabant:Loon op zand"
"Europe:Netherlands:-:-"
"Europe:Netherlands:North Holland:Naarden"
"Europe:Netherlands:North Brabant:Nieuwendijk"
"Europe:Netherlands:North Brabant:-"
"Europe:Netherlands:North Holland:-"
"Europe:Netherlands:South Holland:-"
"Europe:Netherlands:South Holland:Nootdorp"
"Europe:Netherlands:North Brabant:Oisterwijk"
"Europe:Netherlands:North Brabant:Oss"
"Europe:Netherlands:Overijssel:-"
"Europe:Netherlands:South Holland:Rotterdam"
"Europe:Netherlands:North Brabant:Tilburg"
"Europe:Netherlands:Utrecht:-"
"Europe:Netherlands:Utrecht:Utrecht"
"Europe:Austria:Burgenland:-"
"Europe:Netherlands:Flevoland:Zeewolde"
"Oceania:New Zealand:Auckland:Auckland"
"Oceania:New Zealand:Auckland:-"
"Oceania:New Zealand:Wellington:-"
"Oceania:New Zealand:Otago:-"
"Africa:Nigeria:Lagos:-"
"Europe:United Kingdom:Northern Ireland:-"
"Asia:Bangladesh:-:-"
"Asia:Bangladesh:Chattogram:-"
"Europe:Norway:Oslo:-"
"Europe:Norway:Norway:-"
"Europe:Norway:Trondheim:-"
"Asia:Pakistan:Gilgit Baltistan:Gilgit"
"Asia:Pakistan:Karachi:-"
"Asia:Pakistan:Khyber Pakhtunkhwa:-"
"North America:Panama:Panama City:-"
"South America:Peru:Lima:-"
"Asia:Philippines:Manila:-"
"Asia:Philippines:-:-"
"Asia:Bangladesh:Dhaka:-"
"Europe:Poland:Pomorskie:-"
"Europe:Poland:Wielkopolskie:-"
"Europe:Poland:Malopolskie:Krakow"
"Europe:Poland:Zielonogorskie:-"
"Europe:Poland:Malopolskie:-"
"Europe:Poland:Slask:-"
"Europe:Poland:Dolnoslaskie:-"
"Europe:Portugal:-:-"
"Europe:Portugal:Lisbon:-"
"Asia:China:Beijing:-"
"Asia:China:Beijing:-"
"North America:USA:Puerto Rico:-"
"Asia:Qatar:Doha:-"
"Europe:Romania:Bucharest:-"
"Europe:Romania:Constanta:-"
"Europe:Russia:Republic of Buryatia:-"
"Europe:Russia:Chechen Republic:-"
"Europe:Russia:Chelyabinsk Region:-"
"Europe:Russia:Republic of Crymea:-"
"Europe:Russia:Republic of Kabardino-Balkaria:-"
"Europe:Russia:Khabarovsk Region:-"
"Europe:Russia:Leningrad Region:Kipen"
"Europe:Russia:Krasnodar Region:-"
"Europe:Russia:Krasnoyarsk Region:-"
"Europe:Russia:Lipetsk Region:-"
"Europe:Russia:Moscow:-"
"Europe:Russia:Moscow Region:-"
"Europe:Russia:Novosibirsk Region:-"
"Europe:Russia:Omsk Region:-"
"Europe:Russia:Orenburg Region:-"
"Europe:Russia:Perm Region:-"
"Europe:Russia:Primorskiy Region:-"
"Europe:Russia:Pskov Region:-"
"Europe:Russia:Republic of Sakha:-"
"Europe:Russia:Sakhalin Region:-"
"Europe:Russia:Samara Region:-"
"Europe:Russia:Saint-Petersburg:-"
"Europe:Belarus:Belarus:-"
"Europe:Belgium:Ukkel:-"
"Europe:Belgium:Brussels:-"
"Europe:Russia:Sverdlovsk Region:-"
"Europe:Russia:Tatarstan:-"
"Europe:Russia:Tver Region:-"
"Europe:Russia:Buryat Republic:Ulan-Ude"
"Europe:Belgium:Blegny:Saive"
"Asia:Saudi Arabia:Riyadh:-"
"Asia:Saudi Arabia:Jeddah:-"
"Europe:Belgium:-:-"
"Asia:Saudi Arabia:Madinah:-"
"Europe:Belgium:Herent:Winksele"
"Europe:Belgium:Leuven:-"
"Europe:Belgium:Sint-Niklaas:-"
"Europe:Belgium:Saint-Ghislain:-"
"Asia:Saudi Arabia:Makkah:-"
"Europe:Belgium:Wervik:Geluwe"
"Europe:Belgium:Tubize:-"
"Europe:Belgium:Colfontaine:-"
"Europe:Belgium:Beersel:-"
"Europe:Belgium:Kaulile:-"
"Europe:Belgium:Lubbeek:-"
"Asia:Saudi Arabia:Saudi Arabia:-"
"Europe:United Kingdom:Scotland:-"
"Europe:Belgium:Waterloo:-"
"Europe:Belgium:Beringen:Koersel"
"Europe:Belgium:Herselt:-"
"Europe:Belgium:Kraainem:-"
"Europe:Belgium:Andenne:-"
"Europe:Belgium:Waasmunster:-"
"Europe:Belgium:Tournai:Kain"
"Europe:Belgium:Boussu:-"
"Europe:Belgium:Mons:-"
"Europe:Belgium:Liege:Bierset"
"Europe:Belgium:Zinnik:-"
"Europe:Belgium:Eupen:-"
"Africa:Algeria:Blida:-"
"Europe:Belgium:Mouscron:Quevaucamps"
"Europe:Belgium:Gierle:-"
"Europe:Belgium:Courcelles:-"
"Europe:Belgium:Quevy:-"
"Europe:Belgium:Oostrozebeke:-"
"Europe:Belgium:Couthuin:-"
"Europe:Belgium:Kessel-Lo:-"
"Europe:Belgium:Elsene:-"
"Europe:Belgium:Charleroi:Forchies-la-marche"
"Europe:Belgium:Sint-Gillis-Waas:-"
"Europe:Belgium:Charleroi:Montignies-Sur-Sambre"
"Europe:Belgium:Estinnes:Haulchin"
"Europe:Belgium:Dilbeek:-"
"Europe:Belgium:Dendermonde:-"
"Europe:Belgium:Mouscron:-"
"Europe:Belgium:Ravels:Poppel"
"Europe:Belgium:Linter:-"
"Europe:Belgium:Grimbergen:-"
"Europe:Belgium:Fontaine-l Eveque:-"
"Europe:Belgium:Mons:Jemappes"
"Europe:Belgium:Wanze:-"
"Europe:Belgium:Walloon Brabant:Braine-le-Chateau"
"Europe:Belgium:Geraardsbergen:-"
"Europe:Belgium:Asse:-"
"Europe:Belgium:Charleroi:Couillet"
"Europe:Belgium:Genappe:-"
"Europe:Belgium:Namur:Temploux"
"Europe:Belgium:Liege:Wandre"
"Europe:Belgium:Mons:Saisinne"
"Europe:Belgium:Mons:Havre"
"Europe:Belgium:Lasne:-"
"Europe:Belgium:Rixensart:-"
"Europe:Belgium:Riemst:-"
"Europe:Belgium:Saint-Ghislain:Villerot"
"Europe:Belgium:Flanders:Leuven"
"Europe:Belgium:Montigny-le-Tilleul:-"
"Europe:Belgium:Zolder:-"
"Europe:Belgium:Houthalen-Helchteren:-"
"Europe:Belgium:Charleroi:Jumet"
"Europe:Belgium:Holsbeek:-"
"Europe:Belgium:Berloz:-"
"Europe:Belgium:Chaineux:-"
"Europe:Belgium:Oevel:-"
"Europe:Belgium:Braine-l’Alleud:-"
"Europe:Belgium:Zonhoven:-"
"Europe:Belgium:Anderlecht:-"
"Europe:Belgium:Antwerp:-"
"Europe:Belgium:Tielt-Winge:-"
"Europe:Belgium:Knokke-Heist:-"
"Europe:Belgium:Etterbeek:-"
"Europe:Belgium:Kasterlee:-"
"Europe:Belgium:Oudergem:-"
"Europe:Belgium:Sint-Agatha-Berchem:-"
"Europe:Belgium:Stekene:-"
"Europe:Belgium:Sint-Truiden:-"
"Europe:Belgium:Theux:-"
"Europe:Belgium:Vorst:-"
"Europe:Belgium:Ellezelles:-"
"Europe:Belgium:Bree:-"
"Europe:Belgium:Zoutleeuw:-"
"Europe:Belgium:Couvin:-"
"Europe:Belgium:Watermaal-Bosvoorde:-"
"Europe:Belgium:Pelt:Neerpelt"
"Europe:Belgium:Lanaken:-"
"Europe:Belgium:Henri-chapelle:-"
"Europe:Belgium:Quaregnon:-"
"Europe:Belgium:Frameries:-"
"Europe:Belgium:Vilvoorde:-"
"Europe:Belgium:Nieuwerkerken:-"
"Europe:Belgium:Silly:Bassilly"
"Europe:Belgium:Leuven:Ladeuze"
"Europe:Belgium:Ganshoren:-"
"Europe:Belgium:Sint-Pieters-Woluwe:-"
"Europe:Belgium:Liege:-"
"Europe:Belgium:Soumagne:-"
"Europe:Belgium:Herve:-"
"Europe:Belgium:Soignies:-"
"Europe:Belgium:Ath:-"
"Europe:Belgium:Mons:Cuesmes"
"Europe:Belgium:Hasselt:-"
"Europe:Belgium:Sint-Genesius-Rode:-"
"Europe:Belgium:Tienen:-"
"Europe:Belgium:Saint-Ghislain:Tertre"
"Europe:Belgium:Leuven:Heverlee"
"Europe:Belgium:Havelange:-"
"Europe:Belgium:Ronse:-"
"Europe:Belgium:Hoegaarden:-"
"Europe:Belgium:Seraing:-"
"Europe:Belgium:Courcelles:Trazegnies"
"Europe:Belgium:Liege:Yernee-fraineux"
"Europe:Belgium:Charleroi:-"
"Europe:Belgium:Namur:-"
"Europe:Belgium:Beringen:-"
"Europe:Belgium:Huldenberg:-"
"Europe:Belgium:Limburg:-"
"Europe:Belgium:La Louviere:-"
"Europe:Belgium:Ath:Arbre"
"Europe:Belgium:Ghent:-"
"Africa:Senegal:Dakar:-"
"Africa:Senegal:Touba:-"
"Africa:Senegal:Mbour:-"
"Africa:Senegal:St-Louis:-"
"Africa:Senegal:Thies:-"
"Europe:Serbia:Kraljevo:-"
"Europe:Serbia:Novi Pazar:-"
"Asia:China:Shandong:Qingdao"
"Asia:China:Shandong:-"
"Asia:China:Shanghai:-"
"Asia:China:Jiangxi:Shangrao"
"Asia:China:Sichuan:Chengdu"
"Asia:China:Sichuan:-"
"Asia:Singapore:Singapore:-"
"Asia:Singapore:-:-"
"Europe:Slovakia:Kostoliste:-"
"Europe:Slovakia:Bratislava:-"
"Europe:Slovakia:Kosice:-"
"Europe:Slovakia:Martin:-"
"Europe:Slovenia:Slovenia:-"
"Africa:South Africa:KwaZulu-Natal:-"
"Africa:South Africa:Gauteng:-"
"Africa:South Africa:Mpumalanga:-"
"Africa:South Africa:Eastern Cape:-"
"Africa:South Africa:Limpopo:-"
"Africa:South Africa:-:-"
"Asia:South Korea:Gyeonggi:-"
"Asia:South Korea:Seoul:-"
"Asia:South Korea:Chungcheongnam:-"
"Europe:Spain:Comunitat Valenciana:Elda"
"Europe:Spain:Andalusia:-"
"Europe:Spain:Catalunya:-"
"Europe:Spain:Basque Country:Vitoria-Gasteiz"
"Europe:Spain:Basque Country:Donostia-San Sebastian"
"Europe:Spain:Andalusia:Sevilla"
"Europe:Spain:Navarra:Pamplona"
"Europe:Spain:Navarra:Baranain"
"Europe:Spain:Madrid:Alcobendas"
"Europe:Spain:Madrid:Madrid"
"Europe:Spain:Navarra:Cizur Menor"
"Europe:Spain:Navarra:Zulueta"
"Europe:Spain:Navarra:Barasoain"
"Europe:Spain:La Rioja:Logrono"
"Europe:Spain:Navarra:Mutilva"
"Europe:Spain:La Rioja:Calahorra"
"Europe:Spain:Navarra:Cintruenigo"
"Europe:Spain:Navarra:Noain"
"Europe:Spain:Navarra:Tafalla"
"Europe:Spain:Navarra:Fitero"
"Europe:Spain:Navarra:Peralta"
"Europe:Spain:La Rioja:Pradejon"
"Europe:Spain:Navarra:Echavarri"
"Europe:Spain:Basque Country:Portugalete"
"Europe:Spain:Navarra:Torres De Elorz"
"Europe:Spain:Basque Country:Bermeo"
"Europe:Spain:Andalusia:Rota"
"Europe:Spain:Andalusia:Puerto Santa Maria"
"Europe:Spain:Andalusia:San Fernando"
"Europe:Spain:Andalusia:Mairena Aljarafe"
"Europe:Spain:Andalusia:Chiclana de la Frontera"
"Europe:Spain:Andalusia:San Roque"
"Europe:Spain:Andalusia:Algeciras"
"Europe:Spain:Andalusia:La Linea de la Concepcion"
"Europe:Spain:Andalusia:Conil de la Frontera"
"Europe:Spain:Andalusia:Malaga"
"Europe:Spain:Andalusia:Jerez De La Frontera"
"Europe:Spain:Andalusia:Alhaurin de la Torre"
"Europe:Spain:Comunitat Valenciana:Chilches"
"Europe:Spain:Andalusia:Rincon de la Victoria"
"Europe:Spain:Andalusia:Almeria"
"Europe:Spain:Andalusia:Torremolinos"
"Europe:Spain:Andalusia:Benajarafe"
"Europe:Spain:Andalusia:Velez_Malaga"
"Europe:Spain:Andalusia:Antequera"
"Europe:Spain:Canary Islands:-"
"Europe:Spain:Comunitat Valenciana:Segorbe"
"Europe:Spain:Comunitat Valenciana:Gilet"
"Europe:Spain:Castilla La Mancha:-"
"Europe:Spain:Castilla y Leon:-"
"Europe:Spain:Galicia:-"
"Europe:Spain:La Rioja:-"
"Europe:Spain:Madrid:-"
"Europe:Spain:Basque Country:-"
"Europe:Spain:Barcelona:-"
"Europe:Spain:Comunitat Valenciana:Valencia"
"South America:Argentina:Rio Negro:San Carlos de Bariloche"
"Europe:Spain:Comunitat Valenciana:Canet d'en Berenguer"
"Europe:Spain:Comunitat Valenciana:Sagunt"
"Europe:Spain:Comunitat Valenciana:Gandia"
"Europe:Spain:Comunitat Valenciana:Alboraya"
"Europe:Spain:Comunitat Valenciana:Albuixech"
"Europe:Spain:Comunitat Valenciana:El Puig"
"Europe:Spain:Comunitat Valenciana:Benirredra"
"Europe:Spain:Comunitat Valenciana:Oliva"
"Europe:Spain:Comunitat Valenciana:Llutxent"
"Europe:Spain:Comunitat Valenciana:Grau de Sagunt"
"Europe:Spain:Comunitat Valenciana:Tavernes de la Valldigna"
"Europe:Spain:Comunitat Valenciana:Olleria"
"Europe:Spain:Comunitat Valenciana:Puzol"
"Europe:Spain:Comunitat Valenciana:Meliana"
"Europe:Spain:Comunitat Valenciana:Valencia Horta"
"Europe:Spain:Comunitat Valenciana:Beniganim"
"Europe:Spain:Comunitat Valenciana:Palma de Gandia"
"Europe:Spain:Comunitat Valenciana:Bonrepos i Mirambell"
"Europe:Spain:Comunitat Valenciana:Miramar"
"Europe:Spain:Comunitat Valenciana:Xeraco"
"Asia:Sri Lanka:Sri Lanka:-"
"Europe:Sweden:Smaland:Jonkoping"
"Europe:Sweden:Stockholm:-"
"Europe:Sweden:Vastra Gotaland:-"
"Europe:Sweden:Uppsala:-"
"Europe:Sweden:Dalarna:-"
"Europe:Sweden:Skane:-"
"Europe:Sweden:Halland:-"
"Europe:Sweden:Jamtland:-"
"Europe:Sweden:Vasterbotten:-"
"Europe:Sweden:Vastmanland:-"
"Europe:Sweden:Kalmar:-"
"Europe:Sweden:Ostergotland:-"
"Europe:Sweden:Jonkoping:-"
"Europe:Sweden:Norrbotten:-"
"Europe:Sweden:Sormland:-"
"Europe:Sweden:Gavleborgs lan:-"
"Europe:Sweden:Vasternorrland:-"
"Europe:Sweden:Varmland:-"
"Europe:Sweden:Orebro lan:-"
"Europe:Switzerland:Zurich:-"
"Europe:Switzerland:Ticino:-"
"Europe:Switzerland:Vaud:-"
"Europe:Switzerland:Basel-Land:-"
"Europe:Switzerland:Aargau:-"
"Europe:Switzerland:Basel-Stadt:-"
"Europe:Switzerland:Graubunden:-"
"Europe:Switzerland:Valais:-"
"Europe:Switzerland:Jura:-"
"Europe:Switzerland:Bern:-"
"Europe:Switzerland:Schwyz:-"
"Europe:Switzerland:Thurgau:-"
"Europe:Switzerland:Sankt Gallen:-"
"Europe:Switzerland:Uri:-"
"Europe:Switzerland:Schaffhausen:-"
"Europe:Switzerland:Geneva:-"
"Europe:Switzerland:Lucerne:-"
"Europe:Switzerland:Glarus:-"
"Europe:Switzerland:Fribourg:-"
"Asia:Taiwan:-:-"
"Asia:Taiwan:Taiwan:Taipei"
"Asia:Taiwan:Taiwan:Kaohsiung"
"Asia:Taiwan:Taiwan:Taoyuan"
"Asia:Taiwan:Taoyuan:-"
"Asia:Taiwan:New Taipei city:-"
"Asia:Taiwan:New Taipei City:-"
"Asia:Taiwan:Keelung:-"
"Asia:Thailand:Nonthaburi:Bangkok"
"Asia:Thailand:Bangkok:-"
"Asia:Thailand:Nonthaburi:-"
"Asia:Thailand:Samut Prakarn:-"
"Asia:Thailand:Pathum Thani:-"
"Asia:Thailand:-:-"
"Asia:Thailand:Phuket:-"
"Asia:China:Hubei:Tianmen"
"Europe:Turkey:-:-"
"Europe:Turkey:Kayseri:-"
"Europe:Turkey:Istanbul:-"
"Europe:Turkey:Denizli:-"
"Europe:Turkey:Ankara:-"
"Europe:Turkey:Kocaeli:-"
"Europe:Turkey:Tokat:-"
"Europe:Turkey:Agri:-"
"Europe:Turkey:Afyon:-"
"Europe:Turkey:Mardin:-"
"Europe:Turkey:Balikesir:-"
"Europe:Turkey:Eskisehir:-"
"Europe:Turkey:Konya:-"
"Europe:Turkey:Karaman:-"
"Europe:Turkey:Kastamonu:-"
"Europe:Turkey:Nevsehir:-"
"Europe:Turkey:Tekirdag:-"
"Europe:Turkey:Siirt:-"
"Europe:Turkey:Aksaray:-"
"Europe:Turkey:Sakarya:-"
"Europe:Turkey:Canakkale:-"
"Europe:Turkey:Adiyaman:-"
"North America:USA:Alaska:Interior Alaska"
"North America:USA:Alaska:Anchorage"
"North America:USA:Alaska:Southeast Alaska"
"North America:USA:Alaska:Fairbanks"
"North America:USA:Alaska:Mat-Su"
"North America:USA:Alabama:-"
"North America:USA:Arkansas:-"
"North America:USA:Arizona:-"
"North America:USA:Arizona:Phoenix"
"North America:USA:California:-"
"North America:USA:California:San Francisco"
"North America:USA:Grand Princess:Grand Princess cruise ship"
"North America:USA:California:San Mateo County"
"North America:USA:California:Marin County"
"North America:USA:Grand Princess:Sonoma County"
"North America:USA:California:Solano County"
"North America:USA:California:San Joaquin County"
"North America:USA:California:Sacramento County"
"North America:USA:California:Grand Princess cruise ship"
"North America:USA:California:Santa Clara County"
"North America:USA:California:Davis"
"North America:USA:California:Alameda County"
"Europe:Belgium:Honnelles:-"
"North America:USA:California:San Luis Obispo County"
"North America:USA:California:Humboldt County"
"Europe:Belgium:Schoten:-"
"Europe:Belgium:Kalmthout:-"
"Europe:Belgium:Wevelgem:-"
"Europe:Belgium:Alken:-"
"Europe:Belgium:Dalhem:-"
"Europe:Belgium:Nevele:-"
"North America:USA:California:San Diego County"
"Europe:Belgium:Tervuren:-"
"Europe:Belgium:Bonheiden:-"
"Europe:Belgium:Doornik:-"
"Europe:Belgium:Boutersem:-"
"Europe:Belgium:Gent:-"
"Europe:Belgium:Deinze:-"
"North America:USA:California:San Diego"
"Europe:Belgium:Merelbeke:-"
"Europe:Belgium:Hemiksem:-"
"Europe:Belgium:Komen:-"
"Europe:Belgium:Lummen:-"
"Europe:Belgium:Bierbeek:-"
"Europe:Belgium:Herstal:-"
"Europe:Belgium:Tournai:Blandain"
"South America:Brazil:Alagoas:Maceio"
"North America:USA:California:San Francisco County"
"South America:Brazil:Amazonas State:Manaus"
"North America:USA:California:Los Angeles"
"North America:USA:California:Orange County CA"
"South America:Brazil:Amapa:-"
"North America:USA:Colorado:-"
"North America:USA:Connecticut:-"
"South America:Brazil:Bahia:Feira de Santana"
"North America:USA:Connecticut:Fairfield County"
"South America:Brazil:Minas Gerais:-"
"North America:USA:Ohio:Cincinnati"
"North America:USA:Diamond Princess:-"
"North America:USA:Washington DC:-"
"North America:USA:Florida:-"
"North America:USA:Georgia:-"
"North America:USA:Hawaii:-"
"North America:USA:Iowa:-"
"North America:USA:Idaho:-"
"South America:Brazil:Distrito Federal:Brasilia"
"North America:USA:Illinois:-"
"North America:USA:Illinois:Chicago"
"South America:Brazil:Espirito Santo:Vila Velha"
"South America:Brazil:Goiais:-"
"South America:Brazil:Para:-"
"South America:Brazil:Rio de Janeiro:Rio de Janeiro"
"South America:Brazil:Rio de Janeiro:Niteroi"
"North America:USA:Indiana:-"
"North America:USA:Indiana:Indianapolis"
"North America:USA:Kansas:-"
"North America:USA:Louisiana:-"
"South America:Brazil:Rio de Janeiro:-"
"North America:USA:Louisiana:Caddo Parish"
"North America:USA:Louisiana:East Feliciana Parish"
"North America:USA:Louisiana:East Baton Rouge Parish"
"North America:USA:Louisiana:Bienville Parish"
"North America:USA:Louisiana:Webster Parish"
"North America:USA:Louisiana:Morehouse Parish"
"North America:USA:Louisiana:Livingston Parish"
"South America:Brazil:Rio Grande do Sul:-"
"North America:USA:Louisiana:Iberville Parish"
"South America:Brazil:Santa Catarina:Joinville"
"North America:USA:Louisiana:Rapides Parish"
"North America:USA:Louisiana:Tensas Parish"
"South America:Brazil:Santa Catarina:Florianopolis"
"North America:USA:Louisiana:Bossier Parish"
"North America:USA:Louisiana:Grant Parish"
"South America:Brazil:Sao Paulo:-"
"North America:USA:Louisiana:DeSoto Parish"
"North America:USA:Louisiana:New Orleans"
"South America:Brazil:-:-"
"South America:Brazil:Sao Paulo:Sao Paulo"
"North America:USA:Massachusetts:Boston"
"North America:USA:Massachusetts:-"
"North America:USA:Maryland:-"
"Asia:Brunei:-:-"
"North America:USA:Michigan:-"
"Asia:Cambodia:Sihanoukville:-"
"North America:Canada:Quebec:-"
"North America:Canada:British Columbia:-"
"North America:USA:Minnesota:-"
"North America:USA:Missouri:-"
"North America:USA:Montana:-"
"North America:USA:North Carolina:-"
"North America:USA:Nebraska:-"
"North America:USA:New Hampshire:-"
"North America:USA:New Jersey:-"
"North America:USA:New Jersey:Bergen County"
"North America:USA:New Jersey:Hudson County"
"North America:USA:New York:-"
"North America:USA:New Jersey:Camden County"
"North America:USA:New Jersey:Essex County"
"North America:USA:New Mexico:-"
"North America:USA:Nevada:-"
"North America:USA:New York:Brooklyn"
"North America:USA:New York:Nassau County"
"North America:USA:New York:Queens"
"North America:USA:New York:Manhattan"
"North America:USA:New York:Staten Island"
"North America:USA:New York:Bronx"
"North America:USA:New York:Suffolk County"
"North America:Canada:Manitoba:-"
"North America:USA:New York:Rockland County"
"North America:USA:New York:Suffolk county"
"North America:USA:New York:Nassau county"
"North America:Canada:New Brunswick:-"
"North America:USA:New York:Passaic County"
"North America:Canada:Newfoundland and Labrador:-"
"North America:Canada:Nova Scotia:-"
"North America:Canada:Ontario:-"
"North America:USA:New York:Westchester County"
"North America:USA:New York:New York City"
"North America:USA:New York:Saratoga County"
"North America:USA:New York:Schenectady County"
"North America:USA:New York:Richmond County"
"North America:USA:New York:Orange County"
"North America:USA:New York:Dutchess County"
"North America:USA:New York:Clinton County"
"North America:USA:New York:Onondaga County"
"North America:USA:New York:Broome County"
"North America:USA:New York:Ulster County"
"North America:USA:New York:Putnam County"
"North America:USA:New York:Jefferson County"
"North America:USA:New York:Albany County"
"North America:USA:New York:Montgomery County"
"North America:USA:New York:Cayuga County"
"North America:USA:New York:Franklin County"
"North America:USA:New York:Chenango County"
"North America:USA:New York:Washington County"
"North America:USA:Ohio:-"
"North America:USA:Ohio:Columbus"
"North America:USA:Oregon:Columbia County"
"North America:USA:Oregon:Washington County"
"North America:USA:Oregon:Multnomah County"
"North America:USA:Oregon:Wasco County"
"North America:USA:Oregon:-"
"North America:USA:Pennsylvania:-"
"North America:USA:Pennsylvania:Pittsburgh"
"North America:Canada:Saskatchewan:-"
"South America:Chile:Antofagasta:-"
"North America:USA:Rhode Island:-"
"North America:USA:South Carolina:-"
"South America:Chile:Chillan:-"
"North America:USA:Texas:-"
"South America:Chile:Concepcion:-"
"South America:Chile:Coyhaique:-"
"South America:Chile:Puerto Montt:-"
"South America:Chile:Punta Arenas:-"
"South America:Chile:Rancagua:-"
"North America:USA:Texas:Houston"
"North America:USA:USA:-"
"South America:Chile:Santiago:-"
"North America:USA:Utah:-"
"North America:USA:Virginia:-"
"North America:USA:Virgin Islands:-"
"North America:USA:Vermont:-"
"North America:USA:Washington:-"
"North America:USA:Washington:King County"
"North America:USA:Washington:Snohomish County"
"North America:USA:Washington:Grant County"
"North America:USA:Washington:Whatcom County"
"North America:USA:Washington:Yakima County"
"North America:USA:Washington:Pierce County"
"North America:USA:Washington:Clark County"
"North America:USA:Washington:Thurston County"
"North America:USA:Washington:Skagit County"
"South America:Chile:Talca:-"
"North America:USA:Washington:Asotin County"
"North America:USA:Washington:Benton County"
"North America:USA:Washington:Franklin County"
"North America:USA:Washington:Adams County"
"South America:Chile:Temuco:-"
"North America:USA:Washington:Mason County"
"South America:Chile:Valparaiso:-"
"North America:USA:Washington:Kittitas County"
"North America:USA:Washington:Jefferson County"
"Asia:China:Hubei:Wuhan"
"Asia:China:Chongqing:-"
"Asia:China:Chongqing:Yongchuan"
"Asia:China:Chongqing:Zhongxian"
"South America:Colombia:Antioquia:-"
"South America:Colombia:Bogota:-"
"South America:Colombia:-:-"
"South America:Colombia:Caldas:Anserma"
"South America:Colombia:Valle del Cauca:Cali"
"South America:Colombia:Valle del Cauca:Palmira"
"South America:Colombia:Boyaca:Togui"
"North America:USA:Washington:Umatilla County"
"South America:Colombia:Cundinamarca:Soacha"
"South America:Colombia:Cundinamarca:Madrid"
"South America:Colombia:Cundinamarca:Zipaquira"
"South America:Colombia:Boyaca:Santa Sofia"
"South America:Colombia:Narino:Ipiales"
"South America:Colombia:Choco:Quibdo"
"South America:Colombia:Risaralda:Pereira"
"South America:Colombia:Huila:Neiva"
"South America:Colombia:Cundinamarca:Funza"
"South America:Colombia:Valle del Cauca:Buga"
"South America:Colombia:Tolima:Ibague"
"South America:Colombia:Antioquia:Medellin"
"South America:Colombia:Antioquia:Envigado"
"South America:Colombia:Antioquia:Itagui"
"South America:Colombia:Antioquia:Sabaneta"
"South America:Colombia:Cundinamarca:Choconta"
"South America:Colombia:Valle del Cauca:Tulua"
"South America:Colombia:Magdalena:Santa Marta"
"South America:Colombia:Valle del Cauca:Trujillo"
"South America:Colombia:Valle del Cauca:Andalucia"
"South America:Colombia:Valle del Cauca:Jamundi"
"South America:Colombia:Valle del Cauca:El cerrito"
"South America:Colombia:Boyaca:Santana"
"South America:Colombia:Cesar:Valledupar"
"South America:Colombia:Cundinamarca:Cajica"
"South America:Colombia:Norte de santander:Cucuta"
"South America:Colombia:Meta:Villavicencio"
"South America:Colombia:Risaralda:Dosquebradas"
"South America:Colombia:Valle del Cauca:Yumbo"
"South America:Colombia:Cundinamarca:Pacho"
"South America:Colombia:Cordoba:Tierralta"
"South America:Colombia:Cordoba:Monteria"
"North America:USA:Washington:Kirkland"
"North America:Costa Rica:Alajuela:San Rafael de Alajuela"
"North America:Costa Rica:Heredia:San Rafael Heredia"
"North America:Costa Rica:Cartago:La Union"
"North America:Costa Rica:San Jose:Tibas"
"North America:USA:Washington:Seattle"
"North America:Costa Rica:Alajuela:Orotina"
"Europe:Croatia:Split:-"
"Europe:Croatia:Koprivnica:-"
"Europe:Croatia:Istria:-"
"Europe:Croatia:Dubrovnik:-"
"Europe:Croatia:Varazdin County:-"
"Europe:Croatia:Osijek:-"
"North America:USA:Wisconsin:La Crosse County"
"North America:USA:Wisconsin:-"
"North America:USA:Wisconsin:Monroe County"
"North America:USA:Wisconsin:Jackson County"
"North America:USA:Minnesota:Winona County"
"North America:USA:Wisconsin:Adams County WI"
"North America:USA:Iowa:Allamakee County"
"North America:USA:Iowa:Winneshiek County"
"North America:USA:Wisconsin:Trempealeau County"
"North America:USA:Wisconsin:Juneau County"
"North America:USA:Wisconsin:Vernon County"
"North America:USA:Iowa:Fayette County"
"North America:USA:Wisconsin:Madison"
"North America:USA:Wisconsin:Dane County"
"Europe:Croatia:Varazdin County:-"
"North America:USA:Wisconsin:Fitchburg"
"Europe:Czech Republic:Prague:-"
"North America:USA:Wisconsin:Spring Green"
"North America:USA:Wisconsin:Middleton"
"North America:USA:Wisconsin:Mount Horeb"
"North America:USA:Wisconsin:Cottage Grove"
"North America:USA:Wisconsin:Cross Plains"
"North America:USA:Wisconsin:Colorado Springs"
"North America:USA:Wisconsin:Belleville"
"North America:USA:Wisconsin:Stoughton"
"North America:USA:Wisconsin:Hillpoint"
"North America:USA:Wisconsin:Verona WI"
"North America:USA:Wisconsin:Holy Cross"
"Europe:Czech Republic:Vysocina Region:Bela - Ledec na Sazavou"
"North America:USA:Wisconsin:Sun Prarie"
"North America:USA:Wisconsin:Richland Center"
"North America:USA:Wisconsin:Beloit"
"North America:USA:Wisconsin:Muscoda"
"North America:USA:Wisconsin:Waunakee"
"North America:USA:Wisconsin:DeForest"
"Europe:Czech Republic:Usti nad Labem:-"
"North America:USA:Wisconsin:Tomah"
"North America:USA:Wisconsin:Wauwatosa"
"North America:USA:Wisconsin:Milwaukee"
"North America:USA:Wisconsin:Oak Creek"
"North America:USA:Wisconsin:Elm Grove"
"North America:USA:Wisconsin:Pewaukee"
"North America:USA:Wisconsin:Greenfield"
"North America:USA:Wisconsin:New Berlin"
"North America:USA:Wisconsin:Grafton"
"Europe:Czech Republic:Czech Republic:-"
"North America:USA:Wisconsin:Jackson"
"North America:USA:Wisconsin:Brookfield"
"North America:USA:Wisconsin:Campbellsport"
"North America:USA:Wisconsin:Mequon"
"North America:USA:Wisconsin:Franklin"
"North America:USA:Wisconsin:South Milwaukee"
"North America:USA:Wisconsin:Glendale"
"North America:USA:Wisconsin:Cudahy"
"North America:USA:Wisconsin:Whitefish Bay"
"North America:USA:Wisconsin:Thiensville"
"North America:USA:Wisconsin:Port Washington"
"North America:USA:Wisconsin:Racine"
"North America:USA:Wisconsin:River Hills"
"North America:USA:Wisconsin:Greater Milwaukee Area"
"North America:USA:Wisconsin:Columbus WI"
"North America:USA:Wisconsin:Saukville"
"North America:USA:Wisconsin:Slinger"
"North America:USA:Wisconsin:Hartford"
"North America:USA:Wisconsin:Bayside"
"North America:USA:Wisconsin:Brown Deer"
"North America:USA:Wisconsin:Oregon WI"
"North America:USA:Wisconsin:Janesville"
"North America:USA:Wisconsin:Marshall"
"North America:USA:Wisconsin:Chippewa Falls"
"North America:USA:Wisconsin:Brooklyn WI"
"North America:USA:Wisconsin:Monona"
"North America:USA:Wisconsin:Blanchardville"
"Africa:Democratic Republic of the Congo:Kinshasa:-"
"North America:USA:Wyoming:-"
"Africa:Uganda:-:-"
"Asia:United Arab Emirates:United Arab Emirates:-"
"South America:Uruguay:Montevideo:-"
"Asia:Vietnam:Ho Chi Minh City:-"
"Asia:Vietnam:Thanh Hoa:-"
"Asia:Vietnam:Quangning:-"
"Asia:Vietnam:Red River Delta:Hanoi"
"Asia:Vietnam:Vinhphuc:-"
"Asia:Vietnam:Vietnam:-"
"Europe:United Kingdom:Wales:-"
"Europe:United Kingdom:Wales:Cardiff"
"Africa:Democratic Republic of the Congo:Sud Kivu:-"
"Africa:Democratic Republic of the Congo:-:-"
"Europe:Denmark:Denmark:-"
"Asia:China:Jiangxi:Xinyu"
"Asia:China:Yunnan:-"
"Asia:China:Yunnan:Kunming"
"Asia:China:Zhejiang:-"
"Asia:China:Yunnan:Pu'er"
"Asia:China:Yunnan:Xishuangbanna"
"Europe:Netherlands:Milheeze:-"
"Asia:China:-:-"
"Asia:China:Guangxi:-"
"Europe:Denmark:Copenhagen:-"
"South America:Ecuador:Quito:-"
"South America:Ecuador:Pichincha:-"
"Africa:Egypt:-:-"
"Asia:China:Anhui:Suzhou"
"Oceania:Australia:New South Wales:Tweed Heads"
"Oceania:Australia:Northern Territory:-"
"Oceania:Australia:Northern Territory:-"
"Oceania:Australia:Queensland:Gold Coast"
"Oceania:Australia:Queensland:Rockhampton"
"Oceania:Australia:Queensland:Brisbane"
"Oceania:Australia:Queensland:Sunshine Coast"
"Oceania:Australia:Queensland:Southeast Queensland"
"Oceania:Australia:Queensland:Northern Queensland"
"Oceania:Australia:Queensland:Cairns"
"Oceania:Australia:South Australia:-"
"South America:Argentina:-:-"
"Oceania:Australia:Victoria:Clayton"
"Oceania:Australia:Victoria:Melbourne"
